CREATE TABLE "Execution".Job (
	JobUuid UUID NOT NULL,
	StatusId smallint NOT NULL,
	StartDateTime timestamp NOT NULL,
	EndDateTime timestamp,
	PatientsInDatabase int,
	BaselineAuditUuid UUID,
	PRIMARY KEY (JobUuid)
);
CREATE TABLE "Execution".JobContent (
	JobUuid UUID NOT NULL,
	ItemUuid UUID NOT NULL,
	AuditUuid UUID NOT NULL,
	PRIMARY KEY (ItemUuid,JobUuid)
);
CREATE TABLE "Execution".JobProcessorResult (
	JobUuid UUID NOT NULL,
	ProcessorUuid UUID NOT NULL,
	ResultXml text NOT NULL,
	PRIMARY KEY (JobUuid,ProcessorUuid)
);
CREATE TABLE "Execution".JobReport (
	JobReportUuid UUID NOT NULL,
	JobUuid UUID NOT NULL,
	ReportUuid UUID NOT NULL,
	AuditUuid UUID NOT NULL,
	OrganisationUuid UUID NOT NULL,
	EndUserUuid UUID NOT NULL,
	Parameters text NOT NULL,
	StatusId smallint NOT NULL,
	PopulationCount int,
	PRIMARY KEY (JobReportUuid)
);
CREATE TABLE "Execution".JobReportItem (
	JobReportItemUuid UUID NOT NULL,
	JobReportUuid UUID NOT NULL,
	ParentJobReportItemUuid UUID,
	ItemUuid UUID NOT NULL,
	AuditUuid UUID NOT NULL,
	ResultCount int,
	FileLocation text,
	PRIMARY KEY (JobReportItemUuid)
);
CREATE TABLE "Execution".JobReportItemOrganisation (
	JobReportItemUuid UUID NOT NULL,
	OrganisationOdsCode varchar(255) NOT NULL,
	ResultCount int NOT NULL,
	PRIMARY KEY (JobReportItemUuid,OrganisationOdsCode)
);
CREATE TABLE "Execution".JobReportOrganisation (
	JobReportUuid UUID NOT NULL,
	OrganisationOdsCode varchar(255) NOT NULL,
	PopulationCount int NOT NULL,
	PRIMARY KEY (JobReportUuid,OrganisationOdsCode)
);
CREATE TABLE "Execution".ProcessorState (
	StateId smallint NOT NULL,
	Description varchar(50) NOT NULL,
	PRIMARY KEY (StateId)
);
CREATE TABLE "Execution".ProcessorStatus (
	StateId smallint NOT NULL
);
CREATE TABLE "Execution".Request (
	RequestUuid UUID NOT NULL,
	ReportUuid UUID NOT NULL,
	OrganisationUuid UUID NOT NULL,
	EndUserUuid UUID NOT NULL,
	TimeStamp timestamp NOT NULL,
	Parameters text NOT NULL,
	JobReportUuid UUID,
	PRIMARY KEY (RequestUuid)
);
CREATE TABLE "Execution".Status (
	StatusId smallint NOT NULL,
	Description varchar(50) NOT NULL,
	PRIMARY KEY (StatusId)
);
INSERT INTO "Execution".Job(JobUuid, StatusId, StartDateTime, EndDateTime, PatientsInDatabase, BaselineAuditUuid) VALUES ('78107C66-E739-4023-AB57-A73C79E6FABD', 1, '2016-04-01 10:10:04.1370000', null, 0, 'EAD9F3D7-CDC3-4BB6-B49B-18E50D4BECC5');
INSERT INTO "Execution".Job(JobUuid, StatusId, StartDateTime, EndDateTime, PatientsInDatabase, BaselineAuditUuid) VALUES ('75A84987-1D2F-4FD7-91CD-B53FE77FD8EA', 3, '2016-03-22 11:01:22.1180000', null, null, '7DD18BEE-D220-4A34-A421-DF1168F9D670');
INSERT INTO "Execution".JobContent(JobUuid, ItemUuid, AuditUuid) VALUES ('78107C66-E739-4023-AB57-A73C79E6FABD', '19F5400A-2B47-460A-97AF-739AE0B55EC8', 'CBEBFC8F-80D4-45E1-A2BF-C03D70BDA75D');
INSERT INTO "Execution".JobContent(JobUuid, ItemUuid, AuditUuid) VALUES ('78107C66-E739-4023-AB57-A73C79E6FABD', '8CC2758B-EB87-4504-85DC-843E28A14C58', '41A4546E-6561-45A6-AC76-40AB3364C46E');
INSERT INTO "Execution".JobReport(JobReportUuid, JobUuid, ReportUuid, AuditUuid, OrganisationUuid, EndUserUuid, Parameters, StatusId, PopulationCount) VALUES ('1429A515-5AD3-4988-B935-30F57DF2E424', '78107C66-E739-4023-AB57-A73C79E6FABD', 'E6DA6812-903D-45A3-B9E1-3C1F978B55EC', 'C19C80DF-BB89-4056-BDE2-5E61FC8A3BD8', 'B6FF900D-8FCD-43D8-AF37-5DB3A87A6EF6', 'B5D86DA5-5E57-422E-B2C5-7E9C6F3DEA32', '<?xml version="1.0" encoding="UTF-8" standalone="yes"?>
<requestParameters>
    <reportUuid>e6da6812-903d-45a3-b9e1-3c1f978b55ec</reportUuid>
    <baselineDate>2016-02-28Z</baselineDate>
    <patientType>regular</patientType>
    <patientStatus>active</patientStatus>
</requestParameters>
', 1, 123000);
INSERT INTO "Execution".JobReport(JobReportUuid, JobUuid, ReportUuid, AuditUuid, OrganisationUuid, EndUserUuid, Parameters, StatusId, PopulationCount) VALUES ('9D09CF3A-09C5-4100-B281-510BC968BFDC', '78107C66-E739-4023-AB57-A73C79E6FABD', 'E6DA6812-903D-45A3-B9E1-3C1F978B55EC', 'C19C80DF-BB89-4056-BDE2-5E61FC8A3BD8', 'B6FF900D-8FCD-43D8-AF37-5DB3A87A6EF6', 'B5D86DA5-5E57-422E-B2C5-7E9C6F3DEA32', '<?xml version="1.0" encoding="UTF-8" standalone="yes"?>
<requestParameters>
    <reportUuid>e6da6812-903d-45a3-b9e1-3c1f978b55ec</reportUuid>
    <baselineDate>2016-01-01Z</baselineDate>
    <patientType>regular</patientType>
    <patientStatus>active</patientStatus>
</requestParameters>
', 0, null);
INSERT INTO "Execution".JobReport(JobReportUuid, JobUuid, ReportUuid, AuditUuid, OrganisationUuid, EndUserUuid, Parameters, StatusId, PopulationCount) VALUES ('92A488E1-FDDF-45F8-A12C-CC7C793FD5A0', '78107C66-E739-4023-AB57-A73C79E6FABD', 'E6DA6812-903D-45A3-B9E1-3C1F978B55EC', 'C19C80DF-BB89-4056-BDE2-5E61FC8A3BD8', 'B6FF900D-8FCD-43D8-AF37-5DB3A87A6EF6', 'B5D86DA5-5E57-422E-B2C5-7E9C6F3DEA32', '<?xml version="1.0" encoding="UTF-8" standalone="yes"?>
<requestParameters>
    <reportUuid>e6da6812-903d-45a3-b9e1-3c1f978b55ec</reportUuid>
    <baselineDate>2016-01-01Z</baselineDate>
    <patientType>regular</patientType>
    <patientStatus>active</patientStatus>
</requestParameters>
', 0, null);
INSERT INTO "Execution".JobReport(JobReportUuid, JobUuid, ReportUuid, AuditUuid, OrganisationUuid, EndUserUuid, Parameters, StatusId, PopulationCount) VALUES ('628390C1-00E3-49FD-92D3-E688A480619F', '78107C66-E739-4023-AB57-A73C79E6FABD', 'E6DA6812-903D-45A3-B9E1-3C1F978B55EC', 'C19C80DF-BB89-4056-BDE2-5E61FC8A3BD8', 'B6FF900D-8FCD-43D8-AF37-5DB3A87A6EF6', 'B5D86DA5-5E57-422E-B2C5-7E9C6F3DEA32', '<?xml version="1.0" encoding="UTF-8" standalone="yes"?>
<requestParameters>
    <reportUuid>e6da6812-903d-45a3-b9e1-3c1f978b55ec</reportUuid>
    <baselineDate>2015-12-31Z</baselineDate>
    <patientType>regular</patientType>
    <patientStatus>active</patientStatus>
</requestParameters>
', 0, null);
INSERT INTO "Execution".JobReportItem(JobReportItemUuid, JobReportUuid, ParentJobReportItemUuid, ItemUuid, AuditUuid, ResultCount, FileLocation) VALUES ('5DF6ADFA-7AF5-41D5-8549-4A48DDA3F152', '92A488E1-FDDF-45F8-A12C-CC7C793FD5A0', '78C31B06-497D-4D42-BFD4-60618ABFAC32', '19F5400A-2B47-460A-97AF-739AE0B55EC8', 'CBEBFC8F-80D4-45E1-A2BF-C03D70BDA75D', null, null);
INSERT INTO "Execution".JobReportItem(JobReportItemUuid, JobReportUuid, ParentJobReportItemUuid, ItemUuid, AuditUuid, ResultCount, FileLocation) VALUES ('78C31B06-497D-4D42-BFD4-60618ABFAC32', '92A488E1-FDDF-45F8-A12C-CC7C793FD5A0', null, '8CC2758B-EB87-4504-85DC-843E28A14C58', '41A4546E-6561-45A6-AC76-40AB3364C46E', null, null);
INSERT INTO "Execution".JobReportItem(JobReportItemUuid, JobReportUuid, ParentJobReportItemUuid, ItemUuid, AuditUuid, ResultCount, FileLocation) VALUES ('EF61A8AE-C5C5-44CB-8502-7DDA0ADE7F11', '9D09CF3A-09C5-4100-B281-510BC968BFDC', 'B8C38468-CE79-47DD-8B11-B3B616C256AD', '19F5400A-2B47-460A-97AF-739AE0B55EC8', 'CBEBFC8F-80D4-45E1-A2BF-C03D70BDA75D', null, null);
INSERT INTO "Execution".JobReportItem(JobReportItemUuid, JobReportUuid, ParentJobReportItemUuid, ItemUuid, AuditUuid, ResultCount, FileLocation) VALUES ('5B84062C-DF9C-4551-A8B1-AC170D637C1A', '628390C1-00E3-49FD-92D3-E688A480619F', '1C7FB2A4-037D-459A-B840-FC267165D560', '19F5400A-2B47-460A-97AF-739AE0B55EC8', 'CBEBFC8F-80D4-45E1-A2BF-C03D70BDA75D', null, null);
INSERT INTO "Execution".JobReportItem(JobReportItemUuid, JobReportUuid, ParentJobReportItemUuid, ItemUuid, AuditUuid, ResultCount, FileLocation) VALUES ('5DF6F699-9CCB-4144-97D5-B3911137AE93', '1429A515-5AD3-4988-B935-30F57DF2E424', null, '8CC2758B-EB87-4504-85DC-843E28A14C58', '41A4546E-6561-45A6-AC76-40AB3364C46E', 52000, null);
INSERT INTO "Execution".JobReportItem(JobReportItemUuid, JobReportUuid, ParentJobReportItemUuid, ItemUuid, AuditUuid, ResultCount, FileLocation) VALUES ('B8C38468-CE79-47DD-8B11-B3B616C256AD', '9D09CF3A-09C5-4100-B281-510BC968BFDC', null, '8CC2758B-EB87-4504-85DC-843E28A14C58', '41A4546E-6561-45A6-AC76-40AB3364C46E', null, null);
INSERT INTO "Execution".JobReportItem(JobReportItemUuid, JobReportUuid, ParentJobReportItemUuid, ItemUuid, AuditUuid, ResultCount, FileLocation) VALUES ('73F032D2-1F7B-4E32-8BD1-C4198540DDE7', '1429A515-5AD3-4988-B935-30F57DF2E424', '5DF6F699-9CCB-4144-97D5-B3911137AE93', '19F5400A-2B47-460A-97AF-739AE0B55EC8', 'CBEBFC8F-80D4-45E1-A2BF-C03D70BDA75D', 52000, null);
INSERT INTO "Execution".JobReportItem(JobReportItemUuid, JobReportUuid, ParentJobReportItemUuid, ItemUuid, AuditUuid, ResultCount, FileLocation) VALUES ('1C7FB2A4-037D-459A-B840-FC267165D560', '628390C1-00E3-49FD-92D3-E688A480619F', null, '8CC2758B-EB87-4504-85DC-843E28A14C58', '41A4546E-6561-45A6-AC76-40AB3364C46E', null, null);
INSERT INTO "Execution".JobReportItemOrganisation(JobReportItemUuid, OrganisationOdsCode, ResultCount) VALUES ('5DF6F699-9CCB-4144-97D5-B3911137AE93', 'T00003', 52000);
INSERT INTO "Execution".JobReportOrganisation(JobReportUuid, OrganisationOdsCode, PopulationCount) VALUES ('1429A515-5AD3-4988-B935-30F57DF2E424', 'T00003', 123000);
INSERT INTO "Execution".ProcessorState(StateId, Description) VALUES (1, 'Idle');
INSERT INTO "Execution".ProcessorState(StateId, Description) VALUES (2, 'Starting');
INSERT INTO "Execution".ProcessorState(StateId, Description) VALUES (3, 'Running');
INSERT INTO "Execution".ProcessorState(StateId, Description) VALUES (4, 'Stopping');
INSERT INTO "Execution".ProcessorStatus(StateId) VALUES (1);
INSERT INTO "Execution".Request(RequestUuid, ReportUuid, OrganisationUuid, EndUserUuid, TimeStamp, Parameters, JobReportUuid) VALUES ('5595F99F-A9C9-4FB1-8D3E-1C4E244C5BC6', 'E6DA6812-903D-45A3-B9E1-3C1F978B55EC', 'B6FF900D-8FCD-43D8-AF37-5DB3A87A6EF6', 'B5D86DA5-5E57-422E-B2C5-7E9C6F3DEA32', '2016-03-30 11:38:40.0530000', '<?xml version="1.0" encoding="UTF-8" standalone="yes"?>
<requestParameters>
    <reportUuid>e6da6812-903d-45a3-b9e1-3c1f978b55ec</reportUuid>
    <baselineDate>2016-01-01Z</baselineDate>
    <patientType>regular</patientType>
    <patientStatus>active</patientStatus>
</requestParameters>
', '9D09CF3A-09C5-4100-B281-510BC968BFDC');
INSERT INTO "Execution".Request(RequestUuid, ReportUuid, OrganisationUuid, EndUserUuid, TimeStamp, Parameters, JobReportUuid) VALUES ('2D6252D6-C630-499B-949C-27C3FC794C3B', 'E6DA6812-903D-45A3-B9E1-3C1F978B55EC', 'B6FF900D-8FCD-43D8-AF37-5DB3A87A6EF6', 'B5D86DA5-5E57-422E-B2C5-7E9C6F3DEA32', '2016-04-04 17:13:37.0730000', '<?xml version="1.0" encoding="UTF-8" standalone="yes"?>
<requestParameters>
    <reportUuid>e6da6812-903d-45a3-b9e1-3c1f978b55ec</reportUuid>
    <baselineDate>2016-04-03Z</baselineDate>
    <patientType>regular</patientType>
    <patientStatus>active</patientStatus>
</requestParameters>
', null);
INSERT INTO "Execution".Request(RequestUuid, ReportUuid, OrganisationUuid, EndUserUuid, TimeStamp, Parameters, JobReportUuid) VALUES ('C101D448-3412-4DF6-8E84-4131CE9C6BE3', 'E6DA6812-903D-45A3-B9E1-3C1F978B55EC', 'B6FF900D-8FCD-43D8-AF37-5DB3A87A6EF6', 'B5D86DA5-5E57-422E-B2C5-7E9C6F3DEA32', '2016-04-12 15:39:33.5700000', '<?xml version="1.0" encoding="UTF-8" standalone="yes"?>
<requestParameters>
    <reportUuid>e6da6812-903d-45a3-b9e1-3c1f978b55ec</reportUuid>
    <baselineDate>2016-04-11Z</baselineDate>
    <patientType>regular</patientType>
    <patientStatus>active</patientStatus>
</requestParameters>
', null);
INSERT INTO "Execution".Request(RequestUuid, ReportUuid, OrganisationUuid, EndUserUuid, TimeStamp, Parameters, JobReportUuid) VALUES ('8E69B3EE-E74B-48E1-B5E8-41652AB9D66F', 'E6DA6812-903D-45A3-B9E1-3C1F978B55EC', 'B6FF900D-8FCD-43D8-AF37-5DB3A87A6EF6', 'B5D86DA5-5E57-422E-B2C5-7E9C6F3DEA32', '2016-03-30 11:40:35.5530000', '<?xml version="1.0" encoding="UTF-8" standalone="yes"?>
<requestParameters>
    <reportUuid>e6da6812-903d-45a3-b9e1-3c1f978b55ec</reportUuid>
    <baselineDate>2015-12-31Z</baselineDate>
    <patientType>regular</patientType>
    <patientStatus>active</patientStatus>
</requestParameters>
', '92A488E1-FDDF-45F8-A12C-CC7C793FD5A0');
INSERT INTO "Execution".Request(RequestUuid, ReportUuid, OrganisationUuid, EndUserUuid, TimeStamp, Parameters, JobReportUuid) VALUES ('F4310E50-94A2-4C3C-875E-8FAFA2340F75', 'E6DA6812-903D-45A3-B9E1-3C1F978B55EC', 'B6FF900D-8FCD-43D8-AF37-5DB3A87A6EF6', 'B5D86DA5-5E57-422E-B2C5-7E9C6F3DEA32', '2016-03-31 16:15:17.4930000', '<?xml version="1.0" encoding="UTF-8" standalone="yes"?>
<requestParameters>
    <reportUuid>e6da6812-903d-45a3-b9e1-3c1f978b55ec</reportUuid>
    <baselineDate>2016-02-28Z</baselineDate>
    <patientType>regular</patientType>
    <patientStatus>active</patientStatus>
</requestParameters>
', null);
INSERT INTO "Execution".Request(RequestUuid, ReportUuid, OrganisationUuid, EndUserUuid, TimeStamp, Parameters, JobReportUuid) VALUES ('DC0235F8-4D71-443D-ABC4-B4C2F5B21CDB', 'E6DA6812-903D-45A3-B9E1-3C1F978B55EC', 'B6FF900D-8FCD-43D8-AF37-5DB3A87A6EF6', 'B5D86DA5-5E57-422E-B2C5-7E9C6F3DEA32', '2016-04-01 11:47:54.3870000', '<?xml version="1.0" encoding="UTF-8" standalone="yes"?>
<requestParameters>
    <reportUuid>e6da6812-903d-45a3-b9e1-3c1f978b55ec</reportUuid>
    <baselineDate>2016-04-03Z</baselineDate>
    <patientType>regular</patientType>
    <patientStatus>active</patientStatus>
</requestParameters>
', null);
INSERT INTO "Execution".Request(RequestUuid, ReportUuid, OrganisationUuid, EndUserUuid, TimeStamp, Parameters, JobReportUuid) VALUES ('171D3240-A01A-431B-B8C9-DA1B661BE333', 'E6DA6812-903D-45A3-B9E1-3C1F978B55EC', 'B6FF900D-8FCD-43D8-AF37-5DB3A87A6EF6', 'B5D86DA5-5E57-422E-B2C5-7E9C6F3DEA32', '2016-03-30 11:36:53.2600000', '<?xml version="1.0" encoding="UTF-8" standalone="yes"?>
<requestParameters>
    <reportUuid>e6da6812-903d-45a3-b9e1-3c1f978b55ec</reportUuid>
    <baselineDate>2016-01-01Z</baselineDate>
    <patientType>regular</patientType>
    <patientStatus>active</patientStatus>
</requestParameters>
', '1429A515-5AD3-4988-B935-30F57DF2E424');
INSERT INTO "Execution".Request(RequestUuid, ReportUuid, OrganisationUuid, EndUserUuid, TimeStamp, Parameters, JobReportUuid) VALUES ('61DE2FDB-1C88-4647-9D64-ECFF1B57AD68', 'E6DA6812-903D-45A3-B9E1-3C1F978B55EC', 'B6FF900D-8FCD-43D8-AF37-5DB3A87A6EF6', 'B5D86DA5-5E57-422E-B2C5-7E9C6F3DEA32', '2016-03-31 16:12:42.3800000', '<?xml version="1.0" encoding="UTF-8" standalone="yes"?>
<requestParameters>
    <reportUuid>e6da6812-903d-45a3-b9e1-3c1f978b55ec</reportUuid>
    <baselineDate>2016-02-28Z</baselineDate>
    <patientType>regular</patientType>
    <patientStatus>active</patientStatus>
</requestParameters>
', '628390C1-00E3-49FD-92D3-E688A480619F');
INSERT INTO "Execution".Status(StatusId, Description) VALUES (4, 'Cancelled');
INSERT INTO "Execution".Status(StatusId, Description) VALUES (0, 'Executing');
INSERT INTO "Execution".Status(StatusId, Description) VALUES (2, 'Failed');
INSERT INTO "Execution".Status(StatusId, Description) VALUES (3, 'NoJobRequests');
INSERT INTO "Execution".Status(StatusId, Description) VALUES (1, 'Succeeded');
ALTER TABLE "Execution".Job
	ADD FOREIGN KEY (BaselineAuditUuid) 
	REFERENCES "Definition".Audit (AuditUuid);

ALTER TABLE "Execution".Job
	ADD FOREIGN KEY (StatusId) 
	REFERENCES "Execution".Status (StatusId);


ALTER TABLE "Execution".JobContent
	ADD FOREIGN KEY (AuditUuid) 
	REFERENCES "Definition".Audit (AuditUuid);

ALTER TABLE "Execution".JobContent
	ADD FOREIGN KEY (JobUuid) 
	REFERENCES "Execution".Job (JobUuid);


ALTER TABLE "Execution".JobProcessorResult
	ADD FOREIGN KEY (JobUuid) 
	REFERENCES "Execution".Job (JobUuid);


ALTER TABLE "Execution".JobReport
	ADD FOREIGN KEY (AuditUuid) 
	REFERENCES "Definition".Item (AuditUuid);

ALTER TABLE "Execution".JobReport
	ADD FOREIGN KEY (ReportUuid) 
	REFERENCES "Definition".Item (ItemUuid);

ALTER TABLE "Execution".JobReport
	ADD FOREIGN KEY (EndUserUuid) 
	REFERENCES "Administration".EndUser (EndUserUuid);

ALTER TABLE "Execution".JobReport
	ADD FOREIGN KEY (JobUuid) 
	REFERENCES "Execution".Job (JobUuid);

ALTER TABLE "Execution".JobReport
	ADD FOREIGN KEY (OrganisationUuid) 
	REFERENCES "Administration".Organisation (OrganisationUuid);

ALTER TABLE "Execution".JobReport
	ADD FOREIGN KEY (StatusId) 
	REFERENCES "Execution".Status (StatusId);


ALTER TABLE "Execution".JobReportItem
	ADD FOREIGN KEY (AuditUuid) 
	REFERENCES "Definition".Item (AuditUuid);

ALTER TABLE "Execution".JobReportItem
	ADD FOREIGN KEY (ItemUuid) 
	REFERENCES "Definition".Item (ItemUuid);

ALTER TABLE "Execution".JobReportItem
	ADD FOREIGN KEY (JobReportUuid) 
	REFERENCES "Execution".JobReport (JobReportUuid);

ALTER TABLE "Execution".JobReportItem
	ADD FOREIGN KEY (ParentJobReportItemUuid) 
	REFERENCES "Execution".JobReportItem (JobReportItemUuid);


ALTER TABLE "Execution".JobReportItemOrganisation
	ADD FOREIGN KEY (JobReportItemUuid) 
	REFERENCES "Execution".JobReportItem (JobReportItemUuid);


ALTER TABLE "Execution".JobReportOrganisation
	ADD FOREIGN KEY (JobReportUuid) 
	REFERENCES "Execution".JobReport (JobReportUuid);


ALTER TABLE "Execution".ProcessorStatus
	ADD FOREIGN KEY (StateId) 
	REFERENCES "Execution".ProcessorState (StateId);


ALTER TABLE "Execution".Request
	ADD FOREIGN KEY (JobReportUuid) 
	REFERENCES "Execution".JobReport (JobReportUuid);

ALTER TABLE "Execution".Request
	ADD FOREIGN KEY (EndUserUuid) 
	REFERENCES "Administration".EndUser (EndUserUuid);

ALTER TABLE "Execution".Request
	ADD FOREIGN KEY (OrganisationUuid) 
	REFERENCES "Administration".Organisation (OrganisationUuid);


